γ,σ,F_u_fixed,F_u_dist,χ,bequest_motive,ψ
0.049901463,0.7,0.5609937,0.0040268605,0.36300206,1.7127311,4.0
