γ,σ,F_u_fixed,F_u_dist,χ,bequest_motive,ψ
0.048726197,0.7,0.66210526,0.009119547,0.38006097,1.7818702,4.0
