γ,σ,F_u_fixed,F_u_dist,χ,bequest_motive,ψ
0.052434664,0.7,0.8710419,-0.04709562,0.3335152,1.5077059,4.0
